here, is, a small, text, file
with, at, least, two lines, of text
here, is, a small, text, file
with, at, least, two lines, of text
here, is, a small, text, file
with, at, least, two lines, of text
here, is, a small, text, file
with, at, least, two lines, of text
here, is, a small, text, file
with, at, least, two lines, of text
here, is, a small, text, file
with, at, least, two lines, of text
here, is, a small, text, file
with, at, least, two lines, of text
here, is, a small, text, file
with, at, least, two lines, of text
here, is, a small, text, file
with, at, least, two lines, of text
here, is, a small, text, file
with, at, least, two lines, of text
here, is, a small, text, file
with, at, least, two lines, of text
here, is, a small, text, file
with, at, least, two lines, of text
here, is, a small, text, file
with, at, least, two lines, of text
here, is, a small, text, file
with, at, least, two lines, of text
here, is, a small, text, file
with, at, least, two lines, of text
here, is, a small, text, file
with, at, least, two lines, of text
here, is, a small, text, file
with, at, least, two lines, of text
here, is, a small, text, file
with, at, least, two lines, of text
here, is, a small, text, file
with, at, least, two lines, of text
here, is, a small, text, file
with, at, least, two lines, of text
here, is, a small, text, file
with, at, least, two lines, of text
here, is, a small, text, file
with, at, least, two lines, of text
here, is, a small, text, file
with, at, least, two lines, of text
here, is, a small, text, file
with, at, least, two lines, of text
here, is, a small, text, file
with, at, least, two lines, of text
here, is, a small, text, file
with, at, least, two lines, of text
here, is, a small, text, file
with, at, least, two lines, of text
here, is, a small, text, file
with, at, least, two lines, of text
here, is, a small, text, file
with, at, least, two lines, of text
here, is, a small, text, file
with, at, least, two lines, of text
here, is, a small, text, file
with, at, least, two lines, of text
here, is, a small, text, file
with, at, least, two lines, of text
here, is, a small, text, file
with, at, least, two lines, of text
here, is, a small, text, file
with, at, least, two lines, of text
here, is, a small, text, file
with, at, least, two lines, of text
here, is, a small, text, file
with, at, least, two lines, of text
here, is, a small, text, file
with, at, least, two lines, of text
here, is, a small, text, file
with, at, least, two lines, of text
here, is, a small, text, file
with, at, least, two lines, of text
here, is, a small, text, file
with, at, least, two lines, of text
here, is, a small, text, file
with, at, least, two lines, of text
here, is, a small, text, file
with, at, least, two lines, of text
here, is, a small, text, file
with, at, least, two lines, of text
here, is, a small, text, file
with, at, least, two lines, of text
here, is, a small, text, file
with, at, least, two lines, of text
here, is, a small, text, file
with, at, least, two lines, of text
here, is, a small, text, file
with, at, least, two lines, of text
here, is, a small, text, file
with, at, least, two lines, of text
here, is, a small, text, file
with, at, least, two lines, of text
here, is, a small, text, file
with, at, least, two lines, of text
here, is, a small, text, file
with, at, least, two lines, of text
here, is, a small, text, file
with, at, least, two lines, of text
here, is, a small, text, file
with, at, least, two lines, of text
here, is, a small, text, file
with, at, least, two lines, of text
here, is, a small, text, file
with, at, least, two lines, of text
here, is, a small, text, file
with, at, least, two lines, of text
here, is, a small, text, file
with, at, least, two lines, of text
here, is, a small, text, file
with, at, least, two lines, of text
here, is, a small, text, file
with, at, least, two lines, of text
here, is, a small, text, file
with, at, least, two lines, of text
here, is, a small, text, file
with, at, least, two lines, of text
here, is, a small, text, file
with, at, least, two lines, of text
here, is, a small, text, file
with, at, least, two lines, of text
here, is, a small, text, file
with, at, least, two lines, of text
here, is, a small, text, file
with, at, least, two lines, of text
here, is, a small, text, file
with, at, least, two lines, of text
here, is, a small, text, file
with, at, least, two lines, of text
here, is, a small, text, file
with, at, least, two lines, of text
here, is, a small, text, file
with, at, least, two lines, of text
here, is, a small, text, file
with, at, least, two lines, of text
here, is, a small, text, file
with, at, least, two lines, of text

